I,Q
1.05822636548454,0.018702364315332
1.03680523199637,0.073621668091955
1.05739695159078,0.007648535639159
1.03928488426207,0.026093387079491
1.07115459056979,0.058505573740888
1.06179561915825,0.053971841846824
1.07318445349134,0.057383129243214
1.0756672333906,0.097327911565312
1.0399434654548,0.042668458009076
1.06308802316471,0.088208512753188
1.02506351679072,0.04610130080233
1.03494745353833,0.061417508403802
1.05077350213933,0.049293517324174
1.05529732628491,0.010601936063145
1.01902788117055,0.034519830951057
1.09885273581329,0.032931559094955
1.02227261959166,0.040915826887163
1.05299842250408,0.045336854293427
1.01427423781575,0.07747749297142
1.07155294160634,0.042224406237255
1.00532660611268,0.05960984765922
1.01366236739291,0.073501861831226
1.08714749796984,0.087740741696951
1.04033738827733,0.060226310125264
1.05436721084753,0.036608498147612
1.04668330360963,0.054749238702591
1.04734853012531,0.036023742276329
1.08037976450694,0.054466331329524
1.09045560312692,0.018689612047739
1.02099090198647,0.071630936188562
1.02537250068843,0.072055493103228
1.04591148570292,0.090182933433652
1.03034866474218,0.033809517267406
1.06249105449588,0.084413119763922
1.07112903708332,0.044666938818149
1.02450437291802,0.046563342682992
1.06381449830373,0.050696812505087
1.01196752422592,0.025670196501621
1.05253497369706,0.073728131419424
1.04723179081325,0.076300486802121
1.03934780508389,0.076435804769781
1.06640027507615,0.015778671938094
1.04561427813572,0.059690729072124
1.04824466880245,0.02510580203632
1.085165215024,0.021305859032596
1.04323617314231,0.049255769098506
1.04980186970437,0.035310654224546
1.03786953872969,0.050269260258699
1.06552836683133,0.028274169087518
1.02058760182981,0.078291977342294
1.07350050525159,0.029176524219193
1.03839193277454,0.040334968932393
1.04888876623128,0.034607722973495
1.02537978893997,0.082776883768918
1.05471658605656,0.044231902945368
1.07797117631676,0.087433324913406
1.06050128015446,0.044293113832343
1.01175363045988,0.040212381113518
1.05692611024801,0.040811677247765
1.0564526990069,0.022280145604544
1.02547851408433,0.029087282259379
1.07555242209085,0.074038015921695
1.04748605001472,0.021130892584319
1.02106223368158,0.062605437265022
1.02564115866353,0.039589676543971
1.01493430842363,0.045747421577495
1.06960876884826,0.060709585852071
1.04849564006242,0.015182744330032
1.02402713606729,0.025706035903866
1.01170718840555,0.051497837865517
1.08893188569861,0.051813305135087
1.06164827533922,0.035030416579947
1.02889770805829,0.058992260339835
1.01191522667327,0.064520173085679
1.05808884266037,0.049968418643527
1.0742136286799,0.034363905958427
1.02419367859879,0.043598618634015
1.06380580446781,0.023558529208304
1.0247754972913,0.003692842043223
1.0232057038778,0.062537358239598
1.05384813146949,0.027956912547471
1.02995231573208,0.068106270187183
1.09347489202694,0.076615888757232
1.08635454762528,0.045694481738228
1.02344924791154,0.044943431936808
1.03647523690716,0.030031649831995
1.04543554763969,0.086784781563774
1.08962742568684,0.039849390145017
1.00275525102251,0.044086790570321
1.03718457550519,0.081576001361622
1.08556786227226,0.047990037028619
1.02261874804047,0.095973895965356
1.04157555511832,0.014114289623009
1.07245191854145,0.057270461546739
1.08877658018894,0.019825413549625
1.0609459177483,0.028545275178318
1.04014921498782,0.048869483376086
1.06940641091711,0.032528815878231
1.02990357713721,0.06552555845202
1.05638545309238,0.06132239633607
1.05030148488473,0.04798845708868
1.01180105633692,0.06296463136172
1.08581072273216,0.067991791371329
1.0672859771294,0.044577776201463
1.03475046728299,0.040537183745971
1.02333801551842,0.017186952181948
1.03872005831008,0.058924386446219
1.04256271314339,0.050480203730089
1.03678185898887,0.051857769478542
1.03431922536313,0.053739027966333
1.03438664292587,0.055351005685559
1.03736387156641,0.056375757076916
1.05898675890696,0.069757405322038
1.04323108876636,0.091558290692613
1.0455718297826,0.057539615883057
1.06460551761698,0.046321131491472
1.06296555224177,0.088406422091376
1.02282151703105,0.049688366635154
1.0269536395677,0.069815137245728
1.05952806080798,0.031187813350019
1.01596782177596,0.077857706605523
1.07486145360693,0.048001752821257
1.05776535355881,0.069549962573897
1.08115175289336,0.044970861251566
1.00665252680576,0.038289831464896
1.02723352761564,0.033038766646068
1.07473211184081,0.065314155743076
1.05910499218449,0.045045947068206
1.05740218339593,0.025081276769914
1.06894241847182,0.031479994806232
1.07965445262628,0.064615365111252
1.02634225328938,0.028538186706764
1.08033176338071,0.095340149660213
1.08161310928226,0.070280023515569
1.07170504499241,0.052498846415201
1.05630735760078,0.05373561692775
1.06690366956153,0.023512251731638
1.07895332836782,0.07567853304207
1.05225485816288,0.040738471275616
1.07623332812761,0.041628312748285
1.01101293616698,0.043242008853797
1.08257492593005,0.095599143366277
1.03265517469446,0.021988366590315
1.07997036529934,0.035154010119969
1.04766958259075,0.021618923441767
1.07895233849346,0.028559882494693
1.04424042291189,0.019542296116836
1.0940619148614,0.048196898792525
1.06342449661516,0.066642213234647
1.03500529153495,0.038086604323417
1.06320305971476,0.063988806726271
1.01835964237127,0.068801102072874
1.05092685399369,0.08999422335742
1.07376624422028,0.026921246201518
1.04868455285365,0.068076265657858
1.03340284315176,0.053977045914931
1.00806408269628,0.07130512224259
1.056810410947,0.042671499719086
1.0337446094405,0.046576217121522
1.07255480701657,0.050630684867921
1.05955583168618,0.063414843651057
1.04340531400446,0.037802812366071
1.03708292806628,0.085589697071408
1.06411221327824,0.089080547863853
1.03847861318575,0.063342101345476
1.04194058089109,0.049903197326782
1.06053631095721,0.071771529566292
1.0918128714918,0.069504952664057
1.04747173191547,0.069636263488073
1.04909759480688,0.041579609849881
1.06679007206177,0.068987258329579
1.02011839281734,0.077153615765035
1.07886644978077,0.043915840074475
1.05736159863567,0.065531011777262
1.05138675522711,0.061966289152702
1.04385091710736,0.033753005826082
1.05199955311428,0.050896705909764
1.03185092488437,0.015285510398094
1.08472779522715,0.063353906669423
1.01909297166089,0.032451231195865
1.0719336429406,0.090991640066831
1.02607432922576,0.030321685852607
1.04538108902918,0.043671760724954
1.04693515561486,0.083803655301439
1.04214177228788,0.03065325863131
1.050353615242,0.023758452497857
1.03981651385854,0.062313145566391
1.08492980712038,0.056678064201689
1.04441362060406,0.069953713863778
1.0489721329449,0.045120253525882
1.04150888174206,0.062330152105091
1.01028709667972,0.051474299714736
1.04778706616996,0.039609007464051
1.0273830609109,0.032012977551619
1.02272774975345,0.056477399730751
1.04911866207615,0.030609874539258
1.05969192508465,0.07210309662395
1.06877442238897,0.04874729204025
1.09327610236684,0.071874616114294
1.07079926596327,0.077335699128094
1.02799521932713,0.048476219397093
1.03987376702746,0.03693433070404
1.04499406269262,0.046475366755864
1.02224972594394,0.059681609106623
1.0632279611845,0.060639649615991
1.04463012617245,0.044294147610315
1.06413955294752,0.070094126330739
1.00508278331797,0.036593020166657
1.01906001682098,0.004231785717073
1.08326292954302,0.044206643228037
1.04709716615013,0.037719811646234
1.05510334730595,0.041991885367113
1.04546555472143,0.030170467850019
1.02018097728695,0.052916281085905
1.06811783007009,0.056861889457236
1.08950493680263,0.048962478102925
1.06498768204641,0.087072314058209
1.04569814351472,0.080612123197971
1.07887433215561,0.073978175277783
1.03416898514235,0.040228622177136
1.05505029327348,0.068794789726702
1.05439739747601,0.06348855702986
1.06987759244581,0.006428644712054
1.03101274331629,0.04995372165926
1.07802057875511,0.066305476639273
1.04970467829922,0.087702764671173
1.06256258756842,0.029756931288015
1.0511808259833,0.038555764425588
1.09156846395263,0.0528926344825
1.03991334897494,0.069990004892083
1.01584947921217,0.055312423486618
1.01708796426777,0.083328550267233
1.05272170878886,0.064956605811375
1.05155234187215,0.005900099359801
1.02788396625213,0.057420936719516
1.02348598439496,0.040511864556955
1.08616959982838,0.052782460189492
1.03137032365382,0.068199303232156
1.08644480029293,0.036030812816314
1.02708081414131,0.036104081596239
1.04625349750384,0.069348097976091
1.07873474192994,0.01158607149311
1.01377472579599,0.035988175536256
1.03997636158101,0.065083157059001
1.07180594468691,0.033422612729685
1.05071443245264,0.032184516307147
1.02346487738572,0.067440074542236
1.02884563219957,0.038673565706409
1.05874345098752,0.07112937931616
1.0501148085337,0.014032749823417
1.07705346437867,0.072600999258272
1.01769928486061,0.051590840971343
1.05822312219832,0.035940776211502
1.05591394490023,0.003450750776279
1.05324232486274,0.054896304837749
1.06398906104935,0.070308445005244
1.06429165486813,0.023535255119761
1.05596671227096,0.042007471593244
1.07441822554792,0.015963284913797
1.05404175321564,0.018947361061622
1.05089269539574,0.032785465687489
1.06106622660619,0.021969634151238
1.03336173643103,0.01775344949067
1.01691968241936,0.048197498703018
1.04875596300925,0.033808260989691
1.07115888161377,0.058534720600024
1.0501209616256,0.079726876779924
1.00681945284183,0.058663941011137
1.06683008781378,0.068850535216593
1.04625654012769,0.089753091268572
1.06086415916425,0.088298934371371
1.08808596523297,0.040979656777298
1.09046500608694,0.050386986597417
1.0243102425694,0.064849185373884
1.04384859987015,0.037455649981005
1.07114143931207,0.067431732891989
1.06117510314295,0.053065556351606
1.04758333424767,0.012515636110455
1.07708195125348,0.039090643465962
1.0367029518839,0.073735025904177
1.01469000642661,0.046635177850998
1.01874512054796,0.080847137363745
1.02542172183785,0.022502785817283
1.09135468763083,0.058846263315107
1.0382059765451,0.034557274013549
1.02818010859519,0.036902628130212
1.0529086314711,0.057273017330918
1.08572254434881,0.03986883769276
1.05138406576767,0.058310685930692
1.05650750383423,0.05550009054526
1.03668052348551,0.068801815339169
1.06771783049548,0.038730400281177
1.04746275942208,0.013545737211027
1.0247107689457,0.066562742876693
1.08087984902089,0.014706840077389
1.05360236475234,0.066668488020832
1.07631231385607,0.053074547197854
1.05719705937934,0.064475018711189
1.04785106279595,0.056469647024688
1.06671497365546,0.03132513178446
1.01815632292627,0.055186948343854
1.08571555581249,0.023950056069207
1.03641881119498,0.078839801844439
1.08168511874636,0.024592243003721
1.02450806699956,0.036912765538918
1.06743913979493,0.016557018883709
1.04864736939349,0.039693220148832
1.07736978388,0.095996634034749
1.04336496907253,0.035557398299871
1.00806510215457,0.072180093913868
1.03361204084524,0.03243948742661
1.0242706602739,0.070887810610491
1.07139092471489,0.023065184208616
1.08507419275433,0.009425235564938
1.0658518037099,0.021058683812405
1.04189653251658,0.048724350925645
1.05764448680118,0.076052946920833
1.06367127578763,0.054563300733866
1.06297285757942,0.032725457490388
1.07620183799815,0.036812940674124
1.03695351142467,0.057282921055913
1.04598205461157,0.083123285782573
1.05653316390479,0.077000775643002
1.05518751818051,0.081757982168387
1.0688842259769,0.053816644996731
1.04835842957842,0.025777635196178
1.04712226850684,0.066064835946929
1.04082256805251,0.023159699394563
1.08478336576974,0.034924380250354
1.03102136607751,0.034219973129534
1.04865359303757,0.057995434722804
1.04595450220146,0.07098330017031
1.05935154392179,0.055811234449272
1.08182996090352,0.0842229017567
1.04654731579588,0.043428466594461
1.0562523050414,0.032933339946087
1.02913355235901,0.031628694631846
1.0305554646794,0.034082870709242
1.04394665764286,0.054663273187489
1.05514694898624,0.005281748439318
1.02948259330002,0.030942778179182
1.02032376762647,0.019811607783048
1.0583490361243,0.036621450558719
1.03831871303996,0.055993959737618
1.02476403282409,0.00041041729444
1.04028486447428,0.057423741796574
1.0787722122804,0.065996082470236
1.04884868039368,0.059654582955184
1.01400697752276,0.088477834302337
1.02058586307131,0.096214085449563
1.05695705133155,0.083696784289824
1.03699145175871,0.070425419471288
1.06165312307702,0.040021931740331
1.03675293210959,0.031245779967092
1.04122213793091,0.067228786165821
1.07366683525287,0.074387135885096
1.03856041096865,0.046603334155719
1.06014891119529,0.055282895422487
1.07431446897864,0.084971619529363
1.04493154539652,0.058024488850119
1.04986305289418,0.055450071016462
1.03029609029307,0.043826533423244
1.08109198751597,0.02580452790809
1.04299320022123,0.052801176466495
1.0335627186506,0.074571760300268
1.05662679593928,0.01659423122618
1.06424655933555,0.01845123626347
1.02541683280261,0.056329636268379
1.06743027033892,0.010648398684731
1.08582273697123,0.039311404749412
1.07867162765735,0.090696075975619
1.06714411020315,0.094279972996544
1.04877082397501,0.056385414778335
1.02871215992255,0.047252032437439
1.07425535261759,0.023464436553901
1.05059718093367,0.046629127672261
1.06152416565223,0.031322516505115
1.03189188691416,0.073614037825236
1.035854527533,0.024296273996014
1.0375727515104,0.033379086388372
1.05946958276291,0.061578098569617
1.03783913875946,0.042815141960242
1.04887263996174,0.06074816446353
1.04563052236077,0.081925608998763
1.04954026593689,0.044838262869652
1.03597229982948,0.035462273474331
1.02252868029214,0.033238640189387
1.03751577005164,0.063806575403494
1.03282410016786,0.048908816104208
1.06838758791223,0.055028604430784
1.07693287568663,0.073115998132216
1.04361126228912,0.050396442827577
1.05024177360954,0.059860962157982
1.02755773284114,0.043133347561026
1.03190914706645,0.056757646027026
1.01159800354736,0.052200217883118
1.05499236054325,0.052314102312626
1.07675163300221,0.080586348495027
1.01546006754886,0.056269800658029
1.04440920841919,0.02277799067149
1.09323307873789,0.057944707440692
1.0395145185743,0.053378316265937
1.02893050981419,0.06288931431315
1.03949642871253,0.067185630796908
1.01277307585052,0.025608714404354
1.05058732031029,0.053210785756656
1.06869061967355,0.047208697467411
1.03955710728613,0.039415160772821
1.04792575855229,0.021998272191659
1.04314148372926,0.053980279062612
1.02489844931762,0.056746378776915
1.06221016759788,0.082473191136012
1.03621782553777,0.058895913163923
1.05364201827374,0.01564818939725
1.07310499159191,0.034295554967581
1.05747717209718,0.044922462952416
1.06899584624007,0.049901216160691
1.02722135027225,0.06385265390074
1.04119853197273,0.052990789545575
1.05459746107247,0.034198775560644
1.05809558275471,0.034161250131688
1.06972593131126,0.047064351038381
1.02303184475794,0.039173904621272
1.05391845105172,0.050481948872855
1.06146189273139,0.020209335896997
1.0599758750421,0.090024567580813
1.07439793104733,0.048064531676161
1.04046763035722,0.011110119327847
1.0468696348619,0.064483911187454
1.07803142313882,0.064722914355027
1.06201332877718,0.036782575074499
1.05389079622913,0.00267916853484
1.01114245162773,0.074135895800179
1.00398107627841,0.074135818766395
1.05824085942459,0.058956591006292
1.07901457841171,0.048819749219918
1.0412046530029,0.014881445759802
1.03107489697127,0.052064249164893
1.07298401886674,0.014347904450567
1.03014629547292,0.022773694240363
1.07977505775455,0.061961011228255
1.03859967951768,0.067226437973353
1.06217416484251,0.052817775286654
1.03737835392691,0.04453294090845
1.05329810465106,0.083812084601968
1.01673214654854,0.038086536702462
1.07154035850539,0.045350521794517
1.03777245908217,0.054726567546357
1.0462862748344,0.076617901412645
1.05684132865294,0.057827053490529
1.06171365910917,0.027645598668962
1.06876928308721,0.057698367718577
1.02084020366673,0.016597366179898
1.06428993515443,0.057713619567533
1.05686209027849,0.050893130889795
1.01707851326728,0.05809391041141
1.07516117639481,0.069064868106235
1.07392528585647,0.025357428536204
1.03335433512045,0.060867389833266
1.04454638824098,0.047142023140602
1.05659497952819,0.0340935350536
1.04488066500454,0.05103928712903
1.03926128802206,0.056783436251032
1.0562026357002,0.059221648378277
1.04743404704804,0.020035533789779
1.05103390381142,0.042959256082965
1.03813692679237,0.062004293892324
1.04489799085864,0.08862590570148
1.03712857073715,0.03543938687026
1.05044903105561,0.033475096721904
1.01247382543822,0.045666979205873
1.06145806016713,0.041867231060348
1.0487080311354,0.020837363428246
1.04428265474631,0.049333699228287
1.02296045828118,0.064420389388691
1.04099522303396,0.044138944969311
1.0495977830264,0.032346185745148
1.02113587371117,0.060891377471802
1.04604122039034,0.030983374527176
1.04750156497452,0.047008929234548
1.05018020298266,0.008384798354658
1.06936536431003,0.080205679900879
1.05994904517288,0.092425602833918
1.04878067576941,0.04349392082997
1.01027450184191,0.075292147954672
1.04475994073487,0.088984577177624
1.06234705303602,0.026161383160129
1.04896917980104,0.071665091067361
1.01662048369286,0.027362059445653
1.03623476007745,0.092272205573437
1.06110564731746,0.077591496117398
1.03573739266382,0.025162722173474
1.04259747247395,0.057453213282535
1.06415687643128,0.030585170140147
1.05966856901741,0.026184180716827
1.06981713047115,0.063623217737492
1.0484443132985,0.032609104450779
1.02889522309553,0.042139429310993
1.05106249617099,0.073119274831203
1.05012420740795,0.054488193898769
1.0522521193904,0.073339505442273
1.05283052820667,0.024879437104548
1.05808920499673,0.054054547101377
1.00707261853807,0.053616795922991
1.07808247313672,0.050286869466798
1.07545994610343,0.07395531820437
1.0639676768423,0.057838137693488
1.07229114453614,0.077462342910127
1.03252745697275,0.049026067383585
1.05540163478933,0.06518196738478
1.0287591733631,0.020796410089658
1.0765428343757,0.031439937852505
1.0196768367126,0.043658582616949
1.0287929897293,0.080120095928069
1.05926379002022,0.017937437720594
1.04627199082462,0.048661100836206
1.0419740468915,0.040379847707713
1.05233042547529,0.061801617710847
1.0550523327503,0.032235263904276
1.03944156639236,0.036003512402694
1.06140365906826,0.045086273006064
1.06520537188697,0.01462840549154
1.03670210533373,0.028217685140434
1.05043299682914,0.044993763577502
1.01450352308717,0.009119803738725
1.05381871765254,0.06508816253802
1.02394689127426,0.033704911518188
1.05232698661884,0.053892848290352
1.06893869391269,0.058418972417096
1.04456093165914,0.040093032149762
1.07067661062751,0.03233112427069
1.0384639434956,0.07830427379916
1.00784822899852,0.049331076073603
1.02662581224148,0.017084472764234
1.05394247000192,0.042156354735373
1.07010077227644,0.036964336627012
1.08484630853271,0.042557358966821
1.09218435364125,0.039654313853733
1.05742440320464,0.031537577905828
1.04867152031185,0.091202424859705
1.05848226736838,0.069628564014134
1.05459191685367,0.024695023129723
1.07189331578342,0.050381726570827
1.03685617127435,0.070610560524704
1.0315498556521,0.045951381608345
1.07750052153329,0.034664240828957
1.03908001448985,0.057364473945233
1.07502795286505,0.02591311321786
1.04998724181146,0.053109055009705
1.04928262225525,0.026905588947957
1.04537039351748,0.061205824417414
1.0569204530537,0.035002724110887
1.02571471757769,0.056178989401699
1.09733174302826,0.057492143823174
1.05109129548743,0.028601331379703
1.01824664995206,0.062118531691578
1.06122487068359,0.0451030553358
1.02487674074971,0.040271352185511
1.08966105363361,0.035733553580461
1.05488510940071,0.069686572741228
1.05216143336112,0.019149767698512
1.05959784234112,0.047589729227874
1.02359503212217,0.051673079002798
1.02685305588901,0.043877660318875
1.04336461780841,0.06438691924467
1.06361300624485,0.029819938936817
1.0435475290198,0.046629090766507
1.05167663243808,0.014422621488443
1.01981560465548,0.074874207967055
1.0136727176774,0.059444346986354
1.024626209601,0.059977408322282
1.00997690278364,0.018957264197197
1.04916462824676,0.057747468339224
1.06963075700778,0.05662348008176
1.04990253472162,0.047307974824014
1.06239298464407,0.065504884585499
1.02628975332671,0.094592210136719
1.01966549861041,0.028566150527971
1.06750735863138,0.047738578321856
1.07369409481138,0.075243812905502
1.08476670746924,0.057460879579675
1.05824252538139,0.033593989889217
1.03353533089977,0.047771970536022
1.07483621878816,0.019710373835495
1.09115325011351,0.004487765743989
1.04563599546363,0.065404692267647
1.02760276143679,0.020848471560554
1.03338904866185,0.041749602969804
1.00412202341897,0.033733178454494
1.03961451694135,0.057098812886082
1.01863596892025,0.029664161539627
1.05751818731638,0.053170496063707
1.0934835808597,0.036135813597741
1.05718294133891,0.067222643693243
1.05896767531376,0.069146945287188
1.05459396907537,0.037575566712225
1.05262971029964,0.054577362479714
1.02312056842644,0.050087589545145
1.0700508997091,0.009209851761808
1.07160927923606,0.056382960471544
1.00525142388262,0.046170715226316
1.05315730051034,0.045185019532735
1.06024292986875,0.024661001617233
1.05789683713625,0.071160763889195
1.08024673150503,0.033682384480095
1.02555405492991,0.059549977242366
1.03070978529362,0.074605433286801
1.03557231403638,0.052784720497093
1.01479814941176,0.065253520897214
1.01821976932435,0.022084770634311
1.04673602465239,0.043091764685643
1.04268432736978,0.072626307618886
1.02310805028455,0.08807158455889
1.09199668264136,0.078301534903617
1.05568146063792,0.039979469347357
1.03844015386402,0.071736800019539
1.06845240615018,0.039472835696602
1.05870549165787,0.054527176996199
1.04382198169609,0.027210318420272
1.02393388708119,0.018756920514842
1.05156690050315,0.065521353581701
1.06211925737745,0.068486220540327
1.05509075637465,0.072804848407332
1.04023914423393,0.016097511928379
1.05167154846218,0.051431659706946
1.0588030162548,0.067882176042655
1.07929058975344,0.087894802256163
1.0485275593424,0.050967952177941
1.07713541501072,0.080342098404175
1.06111105589923,0.032992592297738
1.05158932589369,0.059948380082438
1.05530719777289,0.083177817983139
1.08226990092304,0.044076895936638
1.03484141991406,0.004368586990433
1.06868155931757,0.055952221551471
1.05612591580934,0.072561623844418
1.05285288501444,0.030452721605731
1.02957978876847,0.022872292688097
1.0695443469827,0.090051173039642
1.07457104653494,0.064443671789874
1.04946963930532,0.019558541993635
1.0216003888981,0.054422496390277
1.08403188827501,0.011812735440893
1.05042896811891,0.021763918053044
1.0515487807996,0.072076315787887
1.0561136095072,0.053950982970261
1.0543739414461,0.044872993869888
1.01244711413071,0.073150161298527
1.03968281035078,0.033079075859332
1.02642403769512,0.054304366023623
1.02958289093228,0.060411826879467
1.01262252236959,0.045121187473351
1.04845080603028,0.067046077348717
1.05319133768871,0.004341933308205
1.01847101453636,0.057070591242061
1.08344174877975,0.056479414271269
1.05845739200593,0.058357522558864
1.04013691995779,0.069162732149659
1.05592134376224,0.054778752504616
1.07170416962385,0.016308207164701
1.06254820713385,0.009098807121384
1.03498526987811,0.05264162632052
1.06486133995818,0.038076510902836
1.02167428216591,0.056871447571644
1.03507008484708,0.062349261327926
1.05392047332064,0.053875640302591
1.04091278729533,0.032043652776246
1.0634953873436,0.059473246700742
1.04047639873217,0.069055978923206
1.05028335257976,0.088651874448916
1.06148037882145,0.078470725642362
1.05105210160819,0.054496107421031
1.02564744941279,0.005116177225057
1.01043788137646,0.011913393025267
1.07977627890025,0.05319542334085
1.05773383398148,0.030310543422806
1.01755477576548,0.01877167475951
1.0721549330659,0.05812234697896
1.02678416727429,0.077996720889508
1.05800979192358,0.079976946259367
1.05157650408408,0.078136677029608
1.05479877712083,0.074554636885802
1.03520251657897,0.096158378709465
1.08725335368514,0.016933675812386
1.06078593157329,0.060643444230573
1.0237191060253,0.057318137895145
1.07355796527513,0.013910900706234
1.05517971763072,0.023173797015035
1.05877498672237,0.029048270489097
1.08319684887785,0.027904662267802
1.01814379439705,0.052696950951606
1.06385260358842,0.030669933048249
1.03724892350943,0.025424846038062
1.04432601273281,0.058228227647494
1.02919181339564,0.008482288598113
1.06216609844711,0.011041613438508
1.04605186408851,0.019715306622513
1.02482642365094,0.076960466573827
1.07805626957214,0.019705380036319
1.06077117378979,0.06005343316176
1.06042478894883,0.052425683012527
1.03941869964558,0.059305559944034
1.06770322090122,0.057426254024512
1.03997480765043,0.075623065201271
1.08007269705583,0.007274738050056
1.05206679033269,0.090418047837783
1.08360019017657,0.08227020373246
1.05878003664153,0.066039843907766
1.0556922792019,0.072493456906367
1.0712947161295,0.060056337922407
1.06717759349105,0.06616578637856
1.05131115613551,0.076817960758714
1.07030700552977,0.068012175230401
1.04177055340178,0.078172123552633
1.08540519774433,0.0159173145413
1.0339871189084,0.054365876437942
1.04893323821417,0.035478202968177
1.06536999268078,0.036270474503796
1.01928718567268,0.077631318535742
1.04630948612751,0.030721510737397
1.07929197339695,0.018305848558596
1.02419974471943,0.048256448477574
1.03071675342101,0.051625718561539
1.07605546547068,0.081725189082703
1.06206701450195,0.054048552186429
1.07999663377639,0.01484496225153
1.01999506286653,0.080690129324013
1.08839764871115,0.071045803939939
1.06376149649068,0.025445306903712
1.04448123585616,0.058798937200196
1.05817148427943,0.064522477186376
1.0774526249559,0.0632022327035
1.04130812845277,0.081255039891342
1.04092957924012,0.047691001485029
1.04840946009196,0.061782395673529
1.05451856818851,0.032017370434162
1.03768149702115,0.061458764997929
1.05093651766142,0.042857528655167
1.04708586570347,0.037534801306658
1.04666739131232,0.052356030707881
1.08540278708633,0.012418846576556
1.04977255399608,0.046012755117549
1.02894531651355,0.085432646882884
1.08507811656948,0.037380304582105
1.04092882250016,0.064667265267621
1.02857881957241,0.063333335365788
1.05967203446711,0.045020535674963
1.04861562808786,0.081623318469499
1.05915686402986,0.034723320410501
1.00835399367416,0.054953915732812
1.03705905141319,0.081524654544711
1.05268432988072,0.064071351755412
1.01951242418309,0.094904729694611
1.00870515682529,0.066593667488152
1.07058731394458,0.077779869986454
1.02712163263836,0.075916968434623
1.08653256412494,0.069032063474044
1.01528277668202,0.086446650879983
1.03749230203621,0.068866918814487
1.05892807083044,0.030772357320203
1.06255603696227,0.042845302221368
1.04647110476831,0.025805476427748
1.03504749897516,0.050409258474007
1.04780930760003,0.071373960482387
1.08306062521811,0.06008324337541
1.0352995684852,0.074238167196012
1.03342583116435,0.068805589318837
1.07650764510429,0.039273364395573
1.04946116646856,0.051977043366461
1.09718149985643,0.020860764636887
1.05553420104124,0.042129771115014
1.08088578439591,0.025097335079113
1.03264408873489,0.070991744702478
1.05300445574022,0.042720657653017
1.04001329282951,0.089131726048728
1.06559621885165,0.046048003730949
1.05232315435348,0.04388404885923
1.0390378409562,0.02723269975965
1.08916985026651,0.051089147074704
1.0487904514863,0.032579930997537
1.05460253508818,0.023484681044644
1.03629051550869,0.089799787544745
1.06674101586135,0.063222469948897
1.01034156090483,0.042232099303154
1.03624315571078,0.025027589995035
1.06538208176237,0.025790020941201
1.03657414889025,0.074253402290908
1.04823481356981,0.022599111033539
1.03869439731356,0.043314230820894
1.09229588930846,0.025728747735856
1.09186307283525,0.054938186600298
1.03007754937202,0.055366970706386
1.0657642201233,0.039860830563601
1.02370470908715,0.04801994723219
1.05079373368875,0.044025349319242
1.05031056725299,0.053429587719927
1.08327564138866,0.054932132374037
1.038848385611,0.024500315548517
1.06574859927698,0.026696613112956
1.0394599614911,0.045051359256727
1.07233790782131,0.072045110875974
1.0896521947013,0.045309764447042
1.06552160174606,0.006577569118009
1.05009116814188,0.043995094812203
1.04688376504162,0.070166143687635
1.06434671733248,0.05512294840969
1.06106794134688,0.040327748959048
1.03580408455134,0.045011956082783
1.04179672503581,0.036325110546714
1.03840369706187,0.02918221909305
1.03994577164662,0.056844266910519
1.03801893999574,0.075828654289784
1.02756896019459,0.061880989066596
1.04277908854297,0.084962499942478
1.03850306973075,0.045134631579071
1.05571140245192,0.07129911505103
1.06907408162815,0.042929959819571
1.06663674129866,0.052908721389021
1.06752746970038,0.047092218315221
1.04746547231536,0.07509414448589
1.09785544113131,0.094251059930853
1.068012122588,0.029164617308282
1.05902232671796,0.043436319447408
1.0294896640985,0.012173110555226
1.0561557976004,0.05684597954156
1.02156964947565,0.028773723430155
1.09482033064659,0.097296377054798
1.06742247598641,0.052139461925259
1.06055542978715,0.051838258791493
1.02475310460164,0.078920324857673
1.06363605124353,0.090191979875503
1.05510807029323,0.049304834920329
1.06843158064309,0.075352889164414
1.05616566828168,0.05416514996056
1.05689968046813,0.040010497427566
1.04369924056457,0.063328555855239
1.05227360043882,0.019913479007764
1.03562209350649,0.035899874465301
1.04721961617392,0.058214674474888
1.05768090245729,0.016342903529274
1.09016044791944,0.052854799869576
1.05677599589533,0.057067436897342
1.04101314076695,0.041134459581316
1.05960554062849,0.033298223537053
1.07168111915461,0.034649267044349
1.03366200892252,0.028925783802117
1.08322760256881,0.046110591817215
1.02775539489314,0.04423989234065
1.03944888228321,0.042728012102364
1.01624386618319,0.046545953448276
1.08885262218128,0.05578142777104
1.04330239403264,0.052768770767201
1.00515571915318,0.054541518733136
1.07513007359851,0.025299533263488
1.06001358241247,0.059450149245852
1.04200497207946,0.052267345898472
1.09231940036942,0.045735483819123
1.01102682100552,0.033190034660841
1.02936607825703,0.037715515714545
1.01217556817324,0.052619919071553
1.03611889127872,0.016971215356
1.0596068890442,0.030901705476561
1.07008401097326,0.073101905110375
1.03867588289744,0.069382350364139
1.09620615544906,0.053863836886474
1.0206672161314,0.071898410086118
1.03556183260394,0.052064586328751
1.06017630256381,0.061169186480289
1.04235801804135,0.044861971533554
1.06097159861834,0.02617320148637
1.05236704400267,0.054819133862679
1.06812901991,0.029563228331198
1.01457745632524,0.04477098677982
1.04825710065402,0.025278043428314
1.04553856215504,0.021708054872629
1.03031826714081,0.028758024663543
1.07706101346703,0.058069649358161
1.0880085257249,0.026098863639551
1.04140280474077,0.070106059574178
1.05064619547062,0.034000053234244
1.08537894019308,0.085869598713596
1.06606961010656,0.060830671042735
1.05674638631112,0.036565564585184
1.07560711090433,0.06193261381604
1.06970681867265,0.07305190332754
1.00178540521158,0.044120570179202
1.04953909850991,0.068059933917809
1.04619715908418,0.039424508842849
1.03376813149239,0.056903304964558
1.05321823245378,0.026694433765402
1.05579360039634,0.032263603060501
1.04567947881171,0.060089582750259
1.06334596812714,0.029543769954093
1.06249844510872,0.065612849813016
1.04948091293292,0.052762536847578
1.05140113097517,0.046884418393297
1.022063339808,0.078113898533049
1.04603131267888,0.046699860973261
1.03439918040322,0.082745546339816
1.05463601044691,0.04040642476619
1.06460324233014,0.036931064806425
1.0151525201877,0.042031065124054
1.05979121625004,0.036150540903227
1.03385390435355,0.031874094045454
1.07446270290501,0.093522747544179
1.02066838360769,0.040874339291517
1.04925469489139,0.064059743302372
1.08771911890882,0.079622867694079
1.05413829796042,0.047383284041869
1.0380560173979,0.044433328506776
1.05031900235532,0.063904271109134
1.03194906123572,0.049828387388095
1.06880743326838,0.037906942998054
1.03539938661027,0.057708708481898
1.07084150306536,0.006769287342175
1.02475795289284,0.048736892995248
1.02066946080064,0.072561050480612
1.07040622404024,0.019135363174873
1.03362127964476,0.012854102718558
1.05415547785658,0.04357454804152
1.04188319624806,0.088925894098488
1.06125324965809,0.025407851445588
1.04346304742991,0.03361322169599
1.08872165749663,0.044106397347603
1.02200382872097,0.012041901221061
1.04225075158176,0.044462101420155
1.03554299711183,0.037996652109285
1.07138706114621,0.020764479174119
1.05612438837512,0.049098526323006
1.03220072545955,0.026540321917731
1.02076086499512,0.065852083400643
1.05149802144225,0.05885789032052
1.05856989186844,0.055850264457782
1.02906826075751,0.046810643296633
1.0595589872179,0.029540999462132
1.0307257319773,0.091098536025747
1.02815326991684,0.044908807153789
1.01427550751457,0.050669536606837
1.01429248404826,0.063914952561403
1.02496073427062,0.077390336462336
1.05936333521772,0.057119313013718
1.06653017274454,0.021359450718933
1.07665303263519,0.063677263798841
1.06862826430108,0.02686363960072
1.03092153669572,0.043608144857649
1.0646069489453,0.037430642543026
1.044125539289,0.074762635639113
1.02505318503962,0.022924855112155
1.03559952051055,0.082740651639748
1.06528884232761,0.023392411971101
1.04091696218932,0.074166111787617
1.02696527815198,0.058398064342971
1.01852771437245,0.041369787738376
1.01213060504343,0.082546796983925
1.05415851594309,0.053715215167618
1.05285413254807,0.029227960551136
1.0791229497636,0.018422564500933
1.05981622822072,0.083281660510285
1.03295363284392,0.085542105383553
1.03921998026571,0.040714646124943
1.02247661851105,0.0827200767163
1.09164283310188,0.059785617221179
1.03715154131209,0.049399346024915
1.04696428299956,0.021150729919019
1.0335300342391,0.028777893697557
1.05145045362666,0.027453723125527
1.04643126451451,0.058436966776262
1.0764908218007,0.051638990534645
1.04962207149049,0.057407051417821
1.07649677297137,0.04165786321977
1.03019146041784,0.031252374932242
1.07757964769745,0.083782395294807
1.01618409049036,0.046019138438564
1.03946799880113,0.064737057103404
1.08780685384284,0.063055576690233
1.05224502715649,0.076917970590186
1.06027095600819,0.034823796868569
1.02607314207698,0.02628264383808
1.03882900336121,0.070224447572672
1.06785240258795,0.084221481774733
1.00679784281648,0.020094620696412
1.07713928242631,0.028221125114912
1.04955274099985,0.056920507591604
1.02621716863585,0.036456293296145
1.08463061073631,0.062931328146976
1.06801541600571,0.079082798855436
1.06610195088783,0.044057113837447
1.07148138152423,0.071399579116719
1.06279260706755,0.060775066276106
1.07903531818231,0.089390253379574
1.02285048816727,0.079125509899748
1.04068287890904,0.097615775141539
1.04165422899034,0.13535150179267
1.06270144305959,0.130081472893165
1.04479064705046,0.145905412131666
1.04324492242856,0.218464248630492
1.02241780527171,0.307492687808658
0.992678111252038,0.405768347680695
0.903989459550175,0.55608475178517
0.790305666372399,0.745477214167305
0.543010833451246,0.891693684298051
0.531656461876929,0.925637502183435
0.580449781671366,0.890774200782853
0.570692208555516,0.907884347047968
0.61134996231234,0.896815626223465
0.627599539466309,0.876919347102544
0.600700310741901,0.867567883144947
0.608047679541242,0.850433278512592
0.62049329787151,0.842752182661164
0.656709348250645,0.860426355513928
0.654212336163006,0.837850583556157
0.691126671169281,0.841015584553264
0.7025307752189,0.826056445512023
0.698860450097141,0.845076513809185
0.714983598059045,0.804685111243432
0.681415452061346,0.825425850987607
0.702255912683708,0.829337818400831
0.722333508920029,0.779660774406846
0.709059195008577,0.754074613153207
0.743892315821189,0.787314639545351
0.706960770236303,0.766789246435088
0.800427477314209,0.778189620597084
0.763950236831464,0.733992500575528
0.734307845927614,0.767693993288643
0.808941872234771,0.77593169677304
0.767812230118741,0.72923617175478
0.823794329940193,0.736676933915513
0.785976896985898,0.698643043764885
0.780871004998323,0.727679227617289
0.791635235941859,0.727730305582434
0.826595356194614,0.700849562762618
0.836255204312551,0.718418285978698
0.78617505222908,0.711083407901536
0.832478787205285,0.680041232948009
0.81361325018974,0.665753185149831
0.855050021153664,0.64909059448794
0.837628228892689,0.64842017213215
0.851503283289814,0.637978784177775
0.834159963007769,0.6655187091098
0.883422214309579,0.626564416560357
0.851241314988772,0.642673908035905
0.893438818796588,0.637299537624785
0.87640296885216,0.629178723154457
0.888733816022895,0.619657781997308
0.882150295542532,0.594934676773932
0.884147897606789,0.604883830210221
0.909212296570056,0.572839303547212
0.891694822356167,0.57867632688934
0.894987626019329,0.592974158949201
0.934520906504865,0.555592597645398
0.916574906376983,0.538256671863706
0.879544041522975,0.576130878896578
0.928069832257527,0.543785758804441
0.938427590027096,0.514304821970192
0.902556129691947,0.505614980796806
0.914350192582384,0.527843754231924
0.962768601582436,0.503582815482495
0.935480899480075,0.555783473138477
0.894484281454899,0.506459997909262
0.925926418567353,0.485791203431478
0.963846704724508,0.511275551588282
0.953384780406644,0.524293587805798
0.929776729543526,0.51536438538458
0.978944803754833,0.461050229477171
0.94544949706956,0.480369520003846
0.951801209699795,0.473717625752606
0.97872335294593,0.454211704474627
0.97658168602075,0.431210299182313
0.954403295055607,0.437159014791042
0.95568699992427,0.453555075321681
0.965114285943402,0.40732750041522
0.945116895427306,0.440745308519476
0.955382595772091,0.442604826772724
0.985903701523813,0.419903907061108
0.951907520626352,0.42344553445907
0.995186214374809,0.397981644120287
0.962769204659606,0.405825584743746
0.982582274601258,0.410139918271374
1.02667849564504,0.371130965432759
1.0081337190571,0.377855388108218
1.00316145622879,0.414870171635136
0.966851174015428,0.395207206276195
0.987933464364817,0.392707262709655
0.973498419380499,0.416981381667928
0.988850098331918,0.371012157681548
1.02875786384948,0.360737303590441
1.00932669622865,0.332778033376475
1.01578870344263,0.367550429275996
0.980882560424634,0.363653989528588
0.992811412519207,0.360734015198939
1.01989659471693,0.33856231497684
0.964650232278304,0.3585566045639
1.00900978725182,0.338744556490438
0.988360349356299,0.334667868200288
0.964380562722462,0.341841545889166
1.00701497414263,0.346396242086058
1.00861400860812,0.297251188894022
1.03131137226682,0.30536760939928
0.986349862586978,0.320391456572073
1.0191134443844,0.306181839995056
1.02046815843788,0.311232587161122
1.01583695429275,0.308450667272192
1.0373286392172,0.270327483374675
1.06293943479966,0.277323130476694
0.992643072651724,0.333144543209901
1.001429574613,0.292576837876875
1.05115663857704,0.279099082565751
1.00668914332927,0.321390121006537
1.0378498342272,0.279315166697336
1.00629082411255,0.282698107697186
1.00544561136823,0.275823041479248
1.00994091594137,0.249453610194929
1.04947988154731,0.31579868970245
0.991797794774132,0.247506518415467
1.01153713043657,0.273399333118047
0.992197992293678,0.273762059187165
1.01748645645597,0.289619394368555
1.03176821968775,0.247182697204608
1.0605225889803,0.276224858265956
1.05009697533228,0.216651586262412
1.022215143362,0.25878924093848
1.05369701281239,0.285905499839119
1.05731728084344,0.264017532119539
1.06078594437964,0.263883944702709
1.03910636113566,0.250365133738601
1.02396627454621,0.196915771071629
1.02245088418455,0.241531299743315
1.00229233030424,0.241363674752398
1.02152628573343,0.244179815423315
1.05165387299108,0.252504142666061
1.03783380947046,0.229631536221153
1.0362583375951,0.243167240906918
1.02743668852511,0.21275179045042
1.03117658679032,0.197413673688027
1.01038171065024,0.193076311545797
1.06208255483216,0.211246398506197
1.03861414941173,0.19795966126916
1.07421003718032,0.202996471241111
1.04091920697308,0.218892326120983
1.04116807127727,0.192957002160674
1.02739280868375,0.203938308134828
1.00365946878326,0.181672038559326
1.06503257641354,0.195443776932652
1.02830611355967,0.17578798047145
1.06575395860861,0.192872075116167
1.02161007041751,0.184815398318552
1.05501116440479,0.188606510040279
1.02326217640997,0.191404569806189
1.03481579809571,0.198161988059968
1.05079507779624,0.159169948324165
1.02602063597046,0.17191188306107
1.07756814712861,0.191033049500126
1.06699966968073,0.169208978656015
1.02269896307586,0.150614870430125
1.05801607506403,0.13275596224516
1.05477273904623,0.194198656992341
1.06833221484472,0.138993872215636
1.04842794025037,0.202056302070321
1.06738688266733,0.210892868185648
1.04134462418014,0.177319925939113
1.02542507655934,0.180219686651975
1.03812330626093,0.133626180751404
1.01343515337102,0.158002460898145
1.04479990495805,0.145238998745928
1.04802674738427,0.124971566334023
1.00970798816977,0.159815334105079
1.01619217842729,0.141352634512598
1.05038649347881,0.165530073839079
0.999723363071529,0.176414314441611
1.03918754243924,0.114583680181012
1.02067442742497,0.152430087049092
1.03649537748541,0.137206184139624
1.05457898609911,0.12670696254175
1.01422556450374,0.146656739455987
1.0187312731518,0.166398612076435
1.0432536456238,0.147356938628655
1.01486646589167,0.14441384827826
1.01754393497176,0.158057827737937
1.00626896507729,0.139214699574976
1.05457792511638,0.157004669353735
1.02456748145651,0.12936687219538
1.05463205133107,0.119162609914765
1.03613918322842,0.160660610131953
1.02058865989346,0.13725772579135
1.03161069214648,0.141301887914057
1.0343221135345,0.134739172995145
1.04269403276557,0.102647116893161
1.07595251331427,0.136967842083064
1.06461503043246,0.126117965703452
1.05049678712478,0.095161309500072
1.02595092306028,0.111161948921923
1.05543119042053,0.148334961708676
1.00575926128057,0.1065618672418
1.05227161862353,0.119784253342822
1.08766265089144,0.112930073406494
1.03416385626635,0.110082379866827
1.04013320361048,0.147764041026475
1.0696629175528,0.097196466576837
1.08675178976651,0.097461693251419
1.0746556696112,0.11950124714166
1.0300194487662,0.075739629107528
1.04373646396218,0.133627070267857
1.03756906807663,0.098531659016382
1.06203968250598,0.129821794639713
1.04576522265837,0.134346523233916
1.03555856982954,0.131882799682749
1.08657466076999,0.093443641860967
1.05025333262458,0.089762564493767
1.03947533629237,0.117287338494447
1.04714248035479,0.119419474018174
1.0354955684675,0.10809286650307
1.03969189251863,0.069638532271084
1.06069871048833,0.148694943683186
1.01708767345197,0.068459100510619
1.04764726950413,0.072775899569349
1.04250763472412,0.069017824635829
1.01694699668094,0.078028308335065
1.06962594025162,0.127893619306174
1.08402225627311,0.118444676053344
1.05997610148021,0.105375481574714
1.04643606023017,0.110312698793543
1.06240561332806,0.087383126094624
1.01849531003159,0.143595386605158
1.03078457184585,0.130467402666326
1.0581522912549,0.107248602410099
1.02822244608099,0.06068844063201
1.04368704208641,0.125356039611814
1.04668505988564,0.121272116020081
1.0332287813884,0.110304859810773
1.05597328050913,0.092121463205344
1.00170931797414,0.137296204091237
1.02295245240725,0.123925508827829
1.06074794318642,0.084711400968111
1.04850037333392,0.075709786787899
1.08638343672027,0.095042469040305
1.02090308610383,0.079598319845036
1.05146635479625,0.058654901243543
1.03798844709354,0.112409107861778
1.02615562708148,0.088232538288003
1.00357354418099,0.10827638026198
1.05723765905711,0.100147504508836
1.03879813213048,0.104054556030856
1.07148712687885,0.074477785147815
1.03344612425242,0.076719904645719
1.0334881603266,0.061060849408779
1.04851745857019,0.05194652815604
1.06475448896358,0.078454649683588
1.09327808026263,0.070399276292095
1.09184040248398,0.095738265918107
1.06899581286244,0.121240616294664
1.03690815872461,0.124542555634525
1.0465518512348,0.090819467677231
1.04871670945413,0.086620552579939
1.04266051630144,0.111475428406994
1.01944163636817,0.075997171239163
1.0491988234628,0.037600604490858
1.02824733947709,0.067483902836692
1.05278562737972,0.068134928926712
1.05199064174011,0.054299010840605
1.02913634877034,0.06114154986164
1.02992904353751,0.045725445734224
1.06293513901089,0.043335962884041
1.05940873502191,0.075006683114266
1.05338410867538,0.04945542772228
1.03485656709644,0.064171749474557
1.02993447575081,0.115409428100187
1.03635211344297,0.087665309073352
1.09233979485139,0.058555714666108
1.03670172118488,0.067236708454342
1.07634872849534,0.091826687668982
1.07557412279,0.050212076046793
1.00599257723233,0.096606429770929
1.00806747029999,0.059404631152446
1.03612546726866,0.119376657131594
1.06447067582783,0.070452928431079
1.06823582462699,0.052640227071336
1.02631159872655,0.04861899160086
1.0402288374266,0.063412315836364
1.0401119274639,0.076259989961023
1.00481733684369,0.096597015494267
1.02425810837121,0.112311362843745
1.0650058460102,0.076346661442354
1.07072390168219,0.028595703135187
1.03848784284312,0.07228232108693
1.05794358148836,0.030289895605565
1.05672988700473,0.054722543977303
1.0737136275097,0.077674363792306
1.02266439935408,0.04837254509104
1.0796188071732,0.057767084644294
1.07538788873927,0.09192779107361
1.02422276022154,0.039305187278628
1.08253429701688,0.044577020693561
1.02044076205137,0.076744282284285
1.06969058480554,0.050591293866292
1.03456280632446,0.068778046526249
1.00420454709132,0.07391408998439
1.02692801017509,0.050722754918081
1.03771782545154,0.089693562932174
1.06991640613214,0.079791181443694
1.06351084902424,0.059757875921304
1.04138297359386,0.05715828027432
1.04130834087957,0.048071911016163
1.06480261765685,0.032017656692379
1.08479054165173,0.058569968057834
1.04284480759974,0.093274444936961
1.08206659939774,0.032843116876517
1.02851066556723,0.070529034661138
1.04428291648176,0.085889564430812
1.04296198171444,0.085006693613705
1.05976638178251,0.09768603241935
1.07319801870243,0.073089940531953
1.06659755708054,0.072003965037239
1.0167826644695,0.079405869250988
1.03617972306932,0.101155990290093
1.03928884648129,0.085973233481626
1.04533906449674,0.061037176064306
1.03825795598698,0.023359211196022
1.03788181742799,0.044058931933277
1.0532476607761,0.082369801847973
1.0335266147214,0.052948110300585
1.07989900849765,0.081067886793809
1.05324397674895,0.085553754467995
1.05135412183663,0.069386462738902
1.05064245472717,0.043098038494194
1.03850079346315,0.041673756216443
1.03236256617826,0.038839447536211
1.05106087620401,0.043131454924471
1.05541086726063,0.08627935368641
1.0484978747819,0.091295690480631
1.06199113176008,0.049635425376375
1.03396858842973,0.055936785426691
1.04843636501593,0.062496206959237
1.09473370119821,0.077682572742087
1.04812405816579,0.077201089745497
1.05757941288189,0.067843903887622
1.04584671288639,0.07379437245616
1.0876804137243,0.047259345643139
1.07907035970269,0.097752292836855
1.01748153192959,0.037976984483217
1.05505452886378,0.054840981056723
1.0506908680507,0.068039368312857
1.06308297563643,0.050759913760598
1.0385351297133,0.083436595210125
1.0468249975822,0.078744869496054
1.0316016395646,0.079242042426938
1.01829964645486,0.044190561509433
1.04404110924966,0.081980524157965
1.06146398743359,0.061725782725145
1.01765187122884,0.06615538266255
1.02015225150299,0.048774773413032
1.05143453447256,0.058901265606054
1.0183554318936,0.058645469837161
1.01014838829434,0.044768316897129
1.07420947506533,0.071976255919515
1.05030196671289,0.062340411402216
1.04330816795527,0.070673006389089
1.03440176757136,0.029028662137724
1.06563406222435,0.039684994275068
1.0208286925582,0.024947044430015
1.02016792226539,0.07402866813901
1.04014977779387,0.039096871002156
1.04742392639467,0.027125464451964
1.01929368813976,0.03148887702734
1.01797233048035,0.08715592008074
1.06115966466685,0.048663688891084
1.03229587215827,0.057148498701469
1.05663089170801,0.009037169439522
1.03085350781713,0.07031360483726
1.02408635108199,0.060918179200436
1.05676905142139,0.053033153400144
1.07009858779493,0.082107044859555
1.04751116146902,0.023080341457993
1.05099558974027,0.055355554676267
1.0400170693935,0.03799655939291
1.05021807578554,0.044064977517735
1.00498116122482,0.065220841207595
1.08217031147447,0.086964828776326
1.08100762940071,0.087169414451182
1.06626712953168,0.047125184394963
1.05520817598449,0.020451010670864
1.03549412724639,0.046240175938161
1.0440626295465,0.029381307059953
1.02792679478819,0.084484478720847
1.02931680650022,0.055532838729501
1.03188836619955,0.046610703352318
1.03461910079299,0.092243796654606
1.02247379033681,0.022762839486436
1.0540387767432,0.053454471787138
1.06782862778959,0.019957639453054
1.07946802614255,0.051711139242518
1.04994485598474,0.074926715297858
1.05760987242166,0.058526128279299
1.02993143635721,0.026681433960711
1.03946441438182,0.041372123802286
1.07853655969125,0.030373083572387
1.07999029895716,0.098743884343581
1.04099567756694,0.086588692055175
1.02662577084782,0.053233588810047
1.04307973579899,0.049207903968096
1.03482574191098,0.066387398637873
1.04171307420244,0.097673728462169
1.03528469974972,0.030247210591666
1.06880544513054,0.047052546593308
1.01370011483403,0.040364112828733
1.07092660136135,0.022480469114563
1.00685903141662,0.051523098654516
1.01742188830137,0.04984931024592
1.08126144194365,0.04940900825352
1.07449810563445,0.018206715611528
1.05421469190012,0.052533432644581
1.09172476901162,0.044870241064359
1.0372294082059,0.021038860767745
1.05458249454441,0.074734509033046
1.02117562622851,0.056024232257084
1.01480847091025,0.043192738566089
1.01606796653743,0.056217576941234
1.02902198462232,0.028477991707048
1.01319386790864,0.070611314322605
1.02865966640361,0.057428924222085
1.06981011644646,0.043738149873152
1.03258593545805,0.036919054155527
1.04321414269732,0.027823702462763
1.04302843849924,0.065115584117837
1.06890869362623,0.081048617744453
1.04991261599988,0.071641756249894
1.04685842106284,0.033176201616556
1.06649242048011,0.069433362238133
1.04561941213501,0.034152675467401
1.01142256486582,0.025890576182874
1.05244102057617,0.060131255649735
1.08245397700116,0.011951133181225
1.05451705750112,0.060931231789473
1.06664722292646,0.03362333520825
1.00686447983965,0.062537936841963
1.06969339075661,0.08635034201603
1.06696909456376,0.063878713675732
1.0176326627907,0.036283238060518
1.03595855501506,0.055269523978002
1.06801084353948,0.091030508909419
1.03609239634874,0.042304457621774
1.08110042869595,0.071927659660069
1.06265632665053,0.054764372744624
1.06853292203425,0.029334070287336
1.06008496739965,0.077761912879897
1.06621637113979,0.053591959229168
1.03456197342947,0.057067218485719
1.0331684805783,0.071939025618316
1.01372530906842,0.074499345895739
1.05032082916243,0.038509998226891
1.0483272649172,0.043075989351821
1.05816499652499,0.098044110337452
1.067986262311,0.072728968422735
1.06875529218541,0.094170148764523
1.02849912153479,0.030165693881539
1.05979314734921,0.033568265094358
1.04872108568486,0.071216360192391
1.01736120304771,0.011031057797117
1.00963409466356,0.042882772124236
1.0383080441775,0.037337352399511
1.0154108240601,0.062572003532727
1.02111930134404,0.022948143289832
1.0356764111702,0.059767308329849
1.05291347022097,0.055872512805159
1.03290829619435,0.026733100894924
1.06994490856637,0.066323724889402
1.05510204078711,0.080642351263681
1.02971598244403,0.056771764046991
1.05295211689708,0.048836994853644
1.03386477449977,0.093338573225847
1.04411389097963,0.026938486297298
1.02738947763769,0.081917976755205
1.03936976717875,0.017835014479102
1.05799229357931,0.086059182819915
1.05354514100931,0.062733678285741
1.01062748424837,0.060123317763754
1.0854985796609,0.05045763501719
1.01740334224704,0.039616799486404
1.08836660467295,0.054194797994537
1.03689650677823,0.048515325556389
1.04354046128324,0.04509933463369
1.09198415323406,0.054392312693035
1.06000078516841,0.051251597626582
1.04628096410922,0.066072824659724
1.02690414007722,0.04565439839998
1.0436578481385,0.056730522750739
1.04210192567886,0.041603524142666
1.039936823385,0.018832475498227
1.06472304760256,0.027698060675976
1.05392719712154,0.041994720193283
1.05302395524881,0.007915112956622
1.09251824151592,0.061474613749697
1.02502352164141,0.043448880697886
1.05631028998051,0.02931576614088
1.03012105857583,0.085376553209006
1.0892307348868,0.045836027747499
1.0723464078683,0.023745690350414
1.06243676581595,0.050832263523168
1.04253788777477,0.044180094866553
1.02284035633124,0.058622198625987
1.05043381060666,0.087826307816154
1.04840519130464,0.052896342654361
1.01600784153811,0.04753688482944
1.04605972210427,0.086072934665854
1.04628597925686,0.053769472517832
1.06222869805601,0.034669555419844
1.04630834667725,0.047832396677853
1.08548939643375,0.06989694281298
1.04046312963426,0.03106625552199
1.08025065422556,0.029781234833165
1.04760351426574,0.056107177087679
1.0340083698295,0.06784222516608
1.03823706538331,0.050921630952141
1.01142925512782,0.062741095464884
1.04242561866843,0.096819644227715
1.05566521979155,0.073100575225707
1.04635095358732,0.071788236416979
1.04179496051508,0.035544286554016
1.05375554774454,0.071103644138053
1.05059899980208,0.049989467249563
1.04831590977398,0.052593594884366
1.03045287154703,0.016657708543376
1.05781326053093,0.046294173051589
1.07068605991962,0.012780587700913
1.08459815459296,0.061246090213155
1.03236804478285,0.017041738510438
1.02942691172709,0.056996609418173
1.05771228993165,0.030175280850133
1.06267468897151,0.029474047388062
1.08412314731105,0.053969242744371
1.03244661448921,0.063868128440168
1.0364968641192,0.07723243021579
1.03005187941187,0.035523965135265
1.06255880652983,0.052702714593893
1.06227566604797,0.067855157051507
1.03574299802911,0.07042344361377
1.0667652793955,0.04001645750004
1.01288421392056,0.013052532175024
1.04406539920835,0.044597602629734
1.04830363262639,0.041001624101104
1.0390715604561,0.059110864603124
1.0290396097299,0.043207641304294
1.06826581836492,0.060396043695114
1.07902448991572,0.035334590082404
1.02506658498193,0.01702929928084
1.04165121238743,0.080417690171876
1.05661311294171,0.053795786692929
1.0812216984522,0.045828451096472
1.07812382823684,0.053807206347363
1.02947951093003,0.03478711459333
1.0669143148264,0.064374959945071
1.04690197051694,0.043651801282646
1.02654425774046,0.072844397786192
1.04720020231026,0.059712516783173
1.07128144947741,0.044324127569233
1.0137430097426,0.05861709609375
1.064024375451,0.024285393538199
1.02180758432397,0.058068185355658
1.04485553178819,0.024719778508211
1.04769340771185,0.05574579451011
1.04561105395917,0.08464339364725
1.06328407091017,0.054847643476385
1.0799343682456,0.03861449783351
1.06201504729281,0.040008340851975
1.02396357676972,0.01238248940782
1.04053868017242,0.025437563112392
1.00823576535918,0.047532425584453
1.0393276549485,0.014566635760946
1.05059511170786,0.075088793101856
1.05875055178508,0.057076428070318
1.03026839189551,0.077311123924367
1.04669333020411,0.073389263655456
1.03639259758999,0.066537179675877
1.04430130453366,0.049685997249284
1.06051676360585,0.01399656028192
1.04497931198993,0.049725551575849
1.00859893860677,0.063477918534543
1.05272505561953,0.046651389890269
1.04951931117622,0.013259917502231
1.00785716182232,0.02293327967672
1.04013316031183,0.038200537112267
1.03663702086446,0.074935446243882
1.05486604740738,0.061746755946048
1.03167430856206,0.020388035290262
1.06908388062918,0.044752978829659
1.04983152857111,0.026278080208196
1.0593421087402,0.0340874950454
1.05526379199113,0.010981266800302
1.03394823540325,0.035517009670191
1.02227298985029,0.049839386212119
1.0306936253455,0.044170235510829
1.06432557101528,0.024517008046623
1.0712240871028,0.021626107428072
1.08068159411242,0.068748474285593
1.04072006910649,0.035294393274216
1.05247687377823,0.077715514465123
1.05722879389761,0.065248781502125
1.03578679161595,0.05381688685002
1.06444620340036,0.043665324899117
1.03552923523588,0.044327484640038
1.04680992216871,0.059011602362344
1.02406833387639,0.025637032365081
1.07627176431941,0.043571624770947
1.04113816506511,0.053115132950632
1.05769668527939,0.026855314276789
1.04776212417905,0.031376251010092
1.03878771871604,0.090869895446759
1.04592509982191,0.057548147283036
1.06235546296669,0.030589318559709
1.0517569073438,0.058714165424854
1.07638594358226,0.047216060117809
1.06121558783056,0.067826790218897
1.0977245647932,0.083771305128143
1.04761564649111,0.045911049434976
1.04264974816743,0.054853891629831
1.04813630148576,0.090973110255197
1.05836688506164,0.033554883879094
1.07540558083966,0.052266793804967
1.09612587212614,0.052939385632156
1.08490373946298,0.052360224808441
1.05235391606867,0.015010148090732
1.01133822760735,0.029301200325276
1.04640148601325,0.08767438623112
1.04555633322079,0.050497262182664
1.05989499540731,0.046246364964474
1.02703554546793,0.085232541033297
1.05797135865137,0.059790220907319
1.05727243160371,0.038295702856385
1.05464401942471,0.040921355804206
1.03868910002723,0.063500039335695
1.03322718327697,0.040915502310916
1.07140758482162,0.074199947522581
1.03833727907799,0.057059630628758
1.07539854629615,0.031654788905617
1.04003320589362,0.036544238076395
1.04750247224183,0.046070075630264
1.02823057638428,0.041159383675044
1.0514511338797,0.051824708419998
1.02040929507978,0.042398589027332
1.02474749326614,0.082956330938329
1.03941305704829,0.054178575715952
1.02238935760585,0.013797951890116
1.0384606076992,0.016223662639295
1.08519901466398,0.042591365633099
1.05242947620012,0.074974202563488
1.02185901829556,0.050327494001767
1.01617799684319,0.060066921385476
1.02348878193249,0.0657405964213
1.03329565184705,0.062846178307306
1.04228043439224,0.049356737967156
1.03090489849537,0.054887675813309
1.04123382655717,0.050122792289732
1.05864869335421,0.049097219015829
1.06369301278143,0.0468228809849
1.05155951163225,0.052047534841797
1.06491729468864,0.037522339081627
1.04201569054362,0.049070807554629
1.04178931065824,0.055688875166538
1.01887127024614,0.059942443035879
1.07848372121962,0.059173748808055
1.08217166321791,0.057628906338391
1.02746858093299,0.067516298354077
1.05123687730824,0.085404731658946
1.05703704135485,0.016527583192416
1.04178672543024,0.0841121784315
1.09606057994808,0.063031060307471
1.01348091596458,0.072230722015705
1.08116859903797,0.06482909057842
1.08823933755175,0.042197393905481
1.03353770961651,0.051249899531052
1.05605441010373,0.061683701257086
1.07352113325624,0.067053515536735
1.08763090202251,0.050816698083819
1.03167074295783,0.035460595305195
1.06437366278261,0.020034730645276
1.07552730309669,0.0842117893415
1.03815790916955,0.068758776633382
1.07829741859307,0.042305102441474
1.05869142265024,0.080772908666957
1.04689391486065,0.034026686809465
1.02057604165169,0.045915779599644
1.06922813480196,0.03849026191537
1.0445283264805,0.05026391929322
1.08181697289876,0.033406120645874
1.01880515841607,0.047772874179785
1.07366637329807,0.033952216164529
1.0442001479815,0.037386450694651
1.02800256954633,0.04446069817425
1.04173698544731,0.088937906132058
1.04595275269073,0.047714403863156
1.07015729058569,0.060321007023602
1.01786606043118,0.033233084233382
1.0676873217502,0.025553448576656
1.05284071596074,0.033676799434455
1.05717763071996,0.018144091890448
1.04273710622945,0.072962898459479
1.06947357544159,0.081042235382738
1.0665148703413,0.062338326081655
1.06127456070306,0.05475199053825
1.05589347983262,0.041055310033987
1.08494563556986,0.036111175912694
1.01544243396034,0.043467770021519
1.05537513597479,0.067829052877205
1.04797093947705,0.056736170394352
1.06600418991528,0.049201255726467
1.06920906622923,0.063793301527723
1.0383237843619,0.097334589439329
1.06411219546492,0.034835690840574
1.04202071305148,0.041526514329703
1.04695251217957,0.023878967312795
1.06828002905238,0.048729277073632
1.04373144249443,0.083699562231696
1.01202364012307,0.057876080905645
1.06493748870991,0.041657671884754
1.0660125888669,0.027377741696188
1.05250043329314,0.080351568603172
1.03161415700613,0.080484991040017
1.04835832633501,0.028800287832644
1.05475414262497,0.074358457634388
1.07776806145534,0.064113011608461
1.03909454856159,0.058941826440838
1.05408759638596,0.010945050820242
1.08196719460577,0.021662528083046
1.03675969512416,0.060124238437799
1.04922704375489,0.033816593045559
1.05628643426517,0.048739588399606
1.04305061386805,0.030147865409199
1.07378614695687,0.059743165854177
1.05140325516855,0.034102462910885
1.06074839171995,0.040200085839874
1.04781226837262,0.027842528700855
1.0557653424026,0.085673851205076
1.09768702293708,0.050496731223234
1.07503124127431,0.039686968354379
1.06454177109575,0.061139494497171
1.09832261226364,0.05808065910573
1.01299423490459,0.082050141205517
1.03010247751183,0.049657025237149
1.08248461820038,0.038288390128527
1.06565549964309,0.020741926632591
1.02189993045307,0.013685624181787
1.03039104490394,0.053011499091082
1.04482538845551,0.055094704942474
1.07211858613555,0.016819275781156
1.06168668519188,0.079665760982915
1.08341498794795,0.073021578905536
1.02270429776994,0.045682611052142
1.0760590638435,0.023378432551733
1.06182485799206,0.030313135909136
1.01845854840369,0.039633344237604
1.04426820814206,0.064096818122994
1.03970410307521,0.056010576230312
1.03842639772832,0.055343830514939
1.04414261872198,0.08127812166748
1.0434558090552,0.052438454020214
1.02708993419112,0.038446681032187
1.03718308970634,0.089936983316713
1.07340796688795,0.068736808889005
1.07927067328277,0.032368126316411
1.0409839059915,0.044566168565443
1.0691199930697,0.033148030600131
1.07459795727803,0.063838289505016
1.05504946820622,0.036935163624369
1.03925049337598,0.052311410550868
1.06449067708879,0.043349705460522
1.05065224194094,0.093491503618031
1.02774792492519,0.050836833123222
1.0256558994902,0.08520804810408
1.03010065630942,0.052052940981517
1.0397135423454,0.043679130960002
1.06214545378754,0.09629202937828
1.05562470426961,0.083912054551682
1.06299343237598,0.008514864770218
1.05103447154321,0.06457261418556
1.06824528202605,0.075223028882315
1.06873521755965,0.072582530742621
1.04046234043554,0.011751325233336
1.04314489182217,0.044617399305885
1.01424050556279,0.05606104473167
1.05507742691138,0.031914740961774
1.04989748113135,0.054441571270493
1.0268203326999,0.057909453314307
1.01780433330462,0.049151367400549
1.04299825058282,0.068481412484742
1.05157660568527,0.053302489508944
1.05757290623086,0.060619610990775
1.03449207896776,0.043778917904105
1.04587687342344,0.062858567711272
1.03402949034876,0.020499844479054
1.03668467781087,0.075650646090072
1.05712141387803,0.066316512708407
1.03549716568048,0.016247593552116
1.07525295537995,0.071993293898013
1.05777725166467,0.035590268214416
1.04337217492684,0.023692792113659
1.02447183326706,0.096447265485787
1.06781746166596,0.057934911487862
1.01662428209556,0.051169397723161
1.04936434345845,0.053972978650606
1.03766935653414,0.034559851823057
1.06171958453082,0.050943329066222
1.03926448768076,0.076378227045209
1.0326740727182,0.07194245708411
1.05240771593891,0.054574490259079
1.06746168170056,0.050717732606789
1.07510394062364,0.071759713061533
1.08058623070361,0.062710316056251
1.02885353879122,0.072693646236692
1.06413587165505,0.051823937061531
1.02671034242756,0.017718265459788
1.05698866822491,0.088468423916698
1.04063765172005,0.041055597346586
1.02099170065659,0.019854141404325
1.06541845297388,0.069413275124676
1.06321536275062,0.060073153380842
1.06765883294085,0.063332563760516
1.04758631235475,0.071541701649534
1.05909198152316,0.058476813448914
1.05550256551602,0.043062677234251
1.03517445953952,0.038473587152488
1.07336477540591,0.028905488662894
1.04127139446138,0.055163481832191
1.04528672143643,0.090844184928256
1.0354084601491,0.014595839892937
1.05318425519428,0.063988587243417
1.09174443081774,0.041997475909722
1.05955445733362,0.031124058813368
1.05899482818145,0.062662617999011
1.08345741869757,0.064499474757782
1.07211945484048,0.05952142540237
1.02775004496123,0.018205470171764
1.04343983830756,0.021476571074218
1.07322394055907,0.020568958397284
1.05680185760267,0.047733184935166
1.06649416829867,0.046990937716348
1.03425506585903,0.062083120857163
1.06332150623713,0.060409267132051
1.03464640267179,0.029826454530665
1.09587940834661,0.074299490407198
1.05342453645517,0.043208838477137
1.04102858278921,0.065031599223053
1.03208875437082,0.05380547134473
1.08415423838236,0.035736213692254
1.03531615533393,0.068102909396273
1.0648853382868,0.08480867164709
1.07031719830227,0.05977190063155
1.06055786680752,0.050294050861544
1.02898756157367,0.033161410469236
1.07474902976018,0.078818338314078
1.08903607653449,0.069390999288369
1.08444983538259,0.057169477913448
1.05671031448949,0.038313137957199
1.07527833314734,0.027283155852006
1.0349326025368,0.046669723656376
1.01818361009206,0.063047545932392
1.04891070672932,0.022372029383391
1.0870049691294,0.022138632549149
1.06356878162612,0.069053273846881
1.06428064824927,0.045868355900499
1.03664165645721,0.018581956789708
1.06395955043436,0.071864128428689
1.03262545966735,0.033360299794197
1.02226220706937,0.045974609271851
1.01454343815358,0.055544786667388
1.07851322216178,0.059557767500298
1.08902689180484,0.040254139651665
1.07355027933263,0.05673644683458
1.09076066765765,0.053095958466833
1.06472705552975,0.055775375199784
1.06605133822839,0.027342472716414
1.01489008647649,0.071396430768274
1.03159662298165,0.044070542861454
1.09176391089892,0.060618627557372
1.04658303493983,0.054961288656812
1.06809118653853,0.092829555860374
1.04387415702668,0.02365539023707
1.03913114362847,0.052913732484552
1.0351649168082,0.055072597108864
1.07920813044364,0.029991826723428
1.0421399791909,0.064038557979838
1.06114136860686,0.057930311255408
1.06359952000475,0.015262720080062
1.07387708772122,0.079024134649604
1.05900442492706,0.082090520082959
1.02802132860876,0.079548925720066
1.05370400517964,0.036910519691287
1.04715877264246,0.075166104829853
1.07334103027837,0.049793996391454
1.06446609922366,0.06557929593413
1.03005866358326,0.081286803315084
1.01518049484923,0.043288707204375
1.03535270959015,0.030130281703234
1.03457164805115,0.037311873302973
1.07742020676379,0.059742198557276
1.05064118919925,0.067343893366958
1.05679931383637,0.069555331610288
1.09174206583981,0.067248744213062
1.04905201067577,0.07524494887049
1.06579927203928,0.038562286426322
1.05311218259086,0.08936905234504
1.03850179998613,0.074876174979003
1.05648899017364,0.052088112991658
1.08608482946898,0.054451811961625
1.01262288935816,0.064394479147239
1.04635784137589,0.077495135288646
1.07624106435112,0.051812665327785
1.05056002484406,0.042714849361122
1.06422779259797,0.056810085460362
1.06379235079758,0.06882883764711
1.04811477463949,0.019956155677199
1.06510100536217,0.073510973365978
1.0302986096203,0.041142865142756
1.08814076589566,0.061709742867426
1.02229224031756,0.063688903772838
1.08874718549715,0.035672550051382
1.04021644915886,0.078985338897767
1.02010235048599,0.050122500285075
1.0503085554594,0.027424802753047
1.01613159915081,0.068202161249585
1.06248170800709,0.019745581400019
1.04301407971705,0.04226108026828
1.04232863306894,0.064842068959873
1.06120935538193,0.050718946232432
1.04760293985154,0.064266630530863
1.05248491792116,0.049103593448575
1.04501354172894,0.076637013815283
1.08877455906455,0.034991048469637
1.03173843672053,0.087301343524685
1.07274675242156,0.057737830519875
1.07132379768946,0.066318215503088
1.03871375341919,0.015896979432879
1.03035356037776,0.044766730139009
1.04503036548099,0.068923903214704
1.03290982256023,0.035341891745508
1.07125440406932,0.064544561735276
1.05680746008925,0.034236011592323
1.04872819975929,0.066727784697482
1.04328300799236,0.040364193637507
1.06067517671704,0.00255753717015
1.03347188274614,0.031860796024016
1.0689368041081,0.056781718313106
1.04575009469394,0.09452778551919
1.04979534259756,0.040271344036917
1.02684372781374,0.043364111803083
1.04601058863538,0.071811925304322
1.02959103211403,0.071098607476868
1.06137666513506,0.061924660003411
1.03265109274221,0.011164111263772
1.04954208717724,0.072358331730422
1.08122177444124,0.058933313425717
1.01116884006248,0.035885474809773
1.05238196791625,0.04888952343954
1.03791157602739,0.067491663081313
1.00877344804096,0.084122177269411
1.07181010834986,0.04195268395158
1.05048776188027,0.047076522307418
1.07907462770182,0.010368085194478
1.03940293644279,0.044422044127259
1.05842860614583,0.071965179106864
1.03686553024034,0.027581363362755
1.08701014770362,0.074001446055346
1.02942753496072,0.041243839993729
1.0251082566985,0.081787053234138
1.04865315448071,0.084424961492066
1.0781116331028,0.075991708596218
1.05041765314697,0.08293232884711
1.06178578315671,0.051951710526878
1.03748770495484,0.053072489418504
1.05407359898136,0.064490063418391
1.02145793527592,0.062623055575231
1.04621373905368,0.090338385571356
1.06262480270992,0.020056281596937
1.07962875678691,0.064592354634735
1.01909887879568,0.061989796516979
1.07611197715229,0.046235915606359
1.02296598072229,0.057022215413476
1.05083403848214,0.05236789445253
1.04655572539496,0.062004921686246
1.02078257235694,0.063341489467019
1.02609306803298,0.057341722108995
1.05406655101419,0.043607683559419
1.06525558130612,0.039321933500493
1.06308270224305,0.00821892955871
1.06111667832778,0.053325615890862
1.03780872308281,0.050110197900985
1.08858698903368,0.053365614668887
1.04629575866326,0.038706616811596
1.06505872544355,0.006280779193005
1.03754047153503,0.033275536077646
1.05017545449391,0.037922741542348
1.0445001936585,0.052177808554508
1.0389725605404,0.027313131941158
1.0126149738434,0.050594339837269
1.05831283177954,0.052108382153439
1.06092826494991,0.065669369885489
1.00492157512981,0.035488517765819
1.00321872806946,0.07879970793374
1.05443670581484,0.078578692188062
1.06379221167593,0.058646425731204
1.06461654461273,0.076014250088035
1.05611784942482,0.017942261483174
1.06782652134672,0.058942250769742
